"Code","Activity_limitations","Seeing","Hearing","Walking_or_climbing_steps","Remembering_or_concentrating","Washing_all_over_or_dressing","Communicating"
"1","No difficulty",3024555,3169791,3176586,3065241,3498393,3486426
"2","Some difficulty",590019,433389,381735,531372,129153,159663
"3","A lot of difficulty",53088,55221,92763,66096,27825,27363
"4","Cannot do at all",8829,7647,20592,10086,19242,8604
"7","Response unidentifiable",8538,5691,5577,5829,4113,4545
"9","Not stated",719808,733095,727584,726207,726108,718236
"TotalStated","Total stated",3676491,3666051,3671673,3672798,3674613,3682059
"Total","Total",4404834,4404834,4404834,4404834,4404834,4404834